{"noiseKey":{"private":{"type":"Buffer","data":"8AIVqeax6f1Zj4uJh0AUfBzcIxlxMC8nKGL+zArBkFg="},"public":{"type":"Buffer","data":"Q/8LG0pK1WcEQY6RnwnimmRoC11Q0+64m84Rq+KtQD8="}},"pairingEphemeralKeyPair":{"private":{"type":"Buffer","data":"yP3KcxC+1TZkmYvH1zc3mJRcYzRLoNoi3azUnA3TnXU="},"public":{"type":"Buffer","data":"7oeZyNybY/wxIlR9lqhGkt+PAWYAkARDuWWrR/Vv2UA="}},"signedIdentityKey":{"private":{"type":"Buffer","data":"YFoS/QqF0wgVahisE96MxCMg0K+oSK1TCjNN6bRaeWY="},"public":{"type":"Buffer","data":"M9uPS0PRPMg2PeXjr5F/QHKQENxdoMHVzXm/XwLFH38="}},"signedPreKey":{"keyPair":{"private":{"type":"Buffer","data":"uLEgdV+8YOmXSQGAANIDb/7u63v+s17E3QowDiY3uEs="},"public":{"type":"Buffer","data":"fQ2Tbc9kIxk6B1hXxfWqrtt7PAvIDpI0sVJuVZ34HRU="}},"signature":{"type":"Buffer","data":"EuYOxVGvQBogu0Oq6/s1QYplmVqV6SPwJUQdp8TRB78sfAOWliO4cb95a1rfTpzU7fgZbxK/0mdCIFIam3pciw=="},"keyId":1},"registrationId":51,"advSecretKey":"THZOQ67Fh4a5S9qDq9m80v9sGh5JQs5/eL0VnSJXfRw=","processedHistoryMessages":[],"nextPreKeyId":31,"firstUnuploadedPreKeyId":31,"accountSyncCounter":0,"accountSettings":{"unarchiveChats":false},"deviceId":"H3aao8VLTLqBDscyLKtAcw","phoneId":"da450a09-c8ac-4028-a244-a233413776a3","identityId":{"type":"Buffer","data":"9fV+t198a+xL4hfDzqoM2wyXR9A="},"registered":true,"backupToken":{"type":"Buffer","data":"BwdyE5P+ShrbZlE49adiDRcC0Tc="},"registration":{},"pairingCode":"5ZP514L9","me":{"id":"254710772666:87@s.whatsapp.net","name":"Ibrahim Adams"},"account":{"details":"CO6ehacDEI2luLQGGAMgACgA","accountSignatureKey":"l+KuMQPS+2B6i6fBRlQSD3nhTpgOWytb5KLaTRAr8W0=","accountSignature":"8c0U8y4+tW+Y9j3g7ymrAwp8+wa7+gWPsqDh5YETET49LXpGciMDm/B+6qLXzAJskYbNePcImKkVLFgEhD91BA==","deviceSignature":"2SUXPwPCv96GY59Z4ZaI7GY27zpHzzLJHWS0CkdpUG8xVLnT+N4bcMVkHQSqhOm58XbDvrCiIfKENSBjlJjKgg=="},"signalIdentities":[{"identifier":{"name":"254710772666:87@s.whatsapp.net","deviceId":0},"identifierKey":{"type":"Buffer","data":"BZfirjED0vtgeounwUZUEg954U6YDlsrW+Si2k0QK/Ft"}}],"platform":"smba","lastAccountSyncTimestamp":1720586906,"myAppStateKeyId":"AAAAAAKa"}
